
delete from omc.net_element where id in(99997,99998,99999);
INSERT INTO omc.net_element (id, create_time, delete_flag, is_active, ne_id, ne_type, ne_vtag, port, update_time, ver, v4_addr, v6_addr, interface_type, dn, object_type, rm_uid, user_label, object_type_abbr, profession) VALUES (99997, now(), 0, 0, 'ne_id_yjkfpt', 'YJKFPT', 1, 32, null, '1.2.2', '23.24.12.3', '', 'Rx', 'DC=www.zte.com.cn,SubNetwork=100001,SubNetwork=114214,ManagedElement=214', 'ManagedElement', '3301HYNLKF1ManagedElementYWQUJJZSUGARFD2Q', 'YJKFPT', 'ManagedElement', 'NLKF');
INSERT INTO omc.net_element (id, create_time, delete_flag, is_active, ne_id, ne_type, ne_vtag, port, update_time, ver, v4_addr, v6_addr, interface_type, dn, object_type, rm_uid, user_label, object_type_abbr, profession) VALUES (99998, now(), 0, 0, 'ne_id_nlwyjr', 'NLWYJR', 1, 32, null, '1.2.2', '23.24.12.3', '', 'Rx', 'DC=www.zte.com.cn,SubNetwork=100001,SubNetwork=114214,ManagedElement=214', 'ManagedElement', '3301HYNLKF1ManagedElementYWQUJJZSUGARFD3Q', 'NLWYJR', 'ManagedElement', 'NLKF');
INSERT INTO omc.net_element (id, create_time, delete_flag, is_active, ne_id, ne_type, ne_vtag, port, update_time, ver, v4_addr, v6_addr, interface_type, dn, object_type, rm_uid, user_label, object_type_abbr, profession) VALUES (99999, now(), 0, 0, 'ne_id_aac', 'AAC', 1, 32, null, '1.2.2', '23.24.12.3', '', 'Rx', 'DC=www.zte.com.cn,SubNetwork=100001,SubNetwork=114214,ManagedElement=214', 'ManagedElement', '3301HYHX1ManagedElement5TSVM7XIR6K8B8CN', 'AAC', 'ManagedElement', 'HX');


delete from omc.ne_config where id in(9996,9997,9998,9999);
INSERT INTO omc.ne_config (config_key, config_value, create_time, delete_flag, ne_id, status, update_time, record_id, creator_id, un_executed_config, un_executed_record_id, current_record_id, last_config) VALUES ('PEER', '{"VNFInstanceId":"238e196e-4937-4eb9-b3a9-1e75d00d2550","Id":"f3b79e6e-2656-475c-b6c1-ea96348d9fa0","DnPrefix":"DnPrefix","UserLabel":"YJKFPT","VendorName":"HY","Version":"V1.0.0","LocationName":"LocationName","ManagedElementType":"ManagedElement","ManagedBy":"ManagedBy","SwVersion":"V1.0.0","UserDefinedState":"UserDefinedState","AdministrativeState":"RUNNING","OperationalState":"RUNNING","PatchInfo":"null","PVFlag":"VNF"}', now(), 0, 99997, 1, now(), 115, 1, '', null, 115, null);
INSERT INTO omc.ne_config (config_key, config_value, create_time, delete_flag, ne_id, status, update_time, record_id, creator_id, un_executed_config, un_executed_record_id, current_record_id, last_config) VALUES ('PEER', '{"VNFInstanceId":"238e196e-4937-4eb9-b3a9-1e75d00d2550","Id":"f3b79e6e-2656-475c-b6c1-ea96348d9fa0","DnPrefix":"DnPrefix","UserLabel":"NLWYJR","VendorName":"HY","Version":"V1.0.0","LocationName":"LocationName","ManagedElementType":"ManagedElement","ManagedBy":"ManagedBy","SwVersion":"V1.0.0","UserDefinedState":"UserDefinedState","AdministrativeState":"RUNNING","OperationalState":"RUNNING","PatchInfo":"null","PVFlag":"VNF"}', now(), 0, 99998, 2, now(), 127, 1, '', null, 127, null);
INSERT INTO omc.ne_config (config_key, config_value, create_time, delete_flag, ne_id, status, update_time, record_id, creator_id, un_executed_config, un_executed_record_id, current_record_id, last_config) VALUES ('PEER', '{"VNFInstanceId":"238e196e-4937-4eb9-b3a9-1e75d00d2550","Id":"f3b79e6e-2656-475c-b6c1-ea96348d9fa0","DnPrefix":"DnPrefix","UserLabel":"AAC","VendorName":"HY","Version":"V1.0.0","LocationName":"LocationName","ManagedElementType":"ManagedElement","ManagedBy":"ManagedBy","SwVersion":"V1.0.0","UserDefinedState":"UserDefinedState","AdministrativeState":"RUNNING","OperationalState":"RUNNING","PatchInfo":"null","PVFlag":"VNF"}', now(), 0, 99999, 2, now(), 127, 1, '', null, 127, null);




delete from omc.perform_object where id in (9997,9998,9999);
INSERT INTO omc.perform_object (id, object_id, object_name, create_time, local_urlv4, local_urlv6, net_type, rm_uid, update_time) VALUES (9997, 9997, 'YJKFPT ', now(), 'http://172.18.34.251:8888', null, 'NLKF', '3301HYNLKF1ManagedElementYWQUJJZSUGARFD2Q', null);
INSERT INTO omc.perform_object (id, object_id, object_name, create_time, local_urlv4, local_urlv6, net_type, rm_uid, update_time) VALUES (9998, 9998, 'NLWYJR ', now(), 'http://172.18.34.251:8888', null, 'NLKF', '3301HYNLKF1ManagedElementYWQUJJZSUGARFD3Q', null);
INSERT INTO omc.perform_object (id, object_id, object_name, create_time, local_urlv4, local_urlv6, net_type, rm_uid, update_time) VALUES (9999, 9999, 'AAC ', now(), 'http://172.18.34.251:8888', null, 'AAC', '3301HYHX1ManagedElement5TSVM7XIR6K8B8CN', null);


delete from omc.perform_stat where perform_object_id in (9997,9998,9999);
INSERT INTO omc.perform_stat (perform_index_code, perform_object_id, stat_ratio, stat_result, stat_time, stats_type_enum, perform_object_name, perform_space_gra, stat_en_name,create_time,update_time,is_supplement) VALUES ('FSCEPHA01', 9997, 100, 980, (SELECT REPLACE(UNIX_TIMESTAMP(CURRENT_TIMESTAMP(3)), '.', '')), 'TYPE_THIRTY_MINUTE', null, 'FSCEPFunction', 'SendTxtReq',now(),now(),false);
INSERT INTO omc.perform_stat (perform_index_code, perform_object_id, stat_ratio, stat_result, stat_time, stats_type_enum, perform_object_name, perform_space_gra, stat_en_name,create_time,update_time,is_supplement) VALUES ('FSCEPHA02', 9997, 100, 979, (SELECT REPLACE(UNIX_TIMESTAMP(CURRENT_TIMESTAMP(3)), '.', '')), 'TYPE_THIRTY_MINUTE', null, 'FSCEPFunction', 'SendTxtReqSuccess',now(),now(),false);
INSERT INTO omc.perform_stat (perform_index_code, perform_object_id, stat_ratio, stat_result, stat_time, stats_type_enum, perform_object_name, perform_space_gra, stat_en_name,create_time,update_time,is_supplement) VALUES ('FSCEPHA03', 9997, 100, 1, (SELECT REPLACE(UNIX_TIMESTAMP(CURRENT_TIMESTAMP(3)), '.', '')), 'TYPE_THIRTY_MINUTE', null, 'FSCEPFunction', 'SendTxtReqFail',now(),now(),false);
INSERT INTO omc.perform_stat (perform_index_code, perform_object_id, stat_ratio, stat_result, stat_time, stats_type_enum, perform_object_name, perform_space_gra, stat_en_name,create_time,update_time,is_supplement) VALUES ('FSCEPHA04', 9997, 100, 962, (SELECT REPLACE(UNIX_TIMESTAMP(CURRENT_TIMESTAMP(3)), '.', '')), 'TYPE_THIRTY_MINUTE', null, 'FSCEPFunction', 'ReceiveTxtReq',now(),now(),false);
INSERT INTO omc.perform_stat (perform_index_code, perform_object_id, stat_ratio, stat_result, stat_time, stats_type_enum, perform_object_name, perform_space_gra, stat_en_name,create_time,update_time,is_supplement) VALUES ('FSCEPHA05', 9997, 100, 960, (SELECT REPLACE(UNIX_TIMESTAMP(CURRENT_TIMESTAMP(3)), '.', '')), 'TYPE_THIRTY_MINUTE', null, 'FSCEPFunction', 'ReceiveTxtReqSuccess',now(),now(),false);

INSERT INTO omc.perform_stat (perform_index_code, perform_object_id, stat_ratio, stat_result, stat_time, stats_type_enum, perform_object_name, perform_space_gra, stat_en_name,create_time,update_time,is_supplement) VALUES ('FSCEPHA01', 9998, 100, 980, (SELECT REPLACE(UNIX_TIMESTAMP(CURRENT_TIMESTAMP(3)), '.', '')), 'TYPE_THIRTY_MINUTE', null, 'FSCEPFunction', 'SendTxtReq',now(),now(),false);
INSERT INTO omc.perform_stat (perform_index_code, perform_object_id, stat_ratio, stat_result, stat_time, stats_type_enum, perform_object_name, perform_space_gra, stat_en_name,create_time,update_time,is_supplement) VALUES ('FSCEPHA02', 9998, 100, 979, (SELECT REPLACE(UNIX_TIMESTAMP(CURRENT_TIMESTAMP(3)), '.', '')), 'TYPE_THIRTY_MINUTE', null, 'FSCEPFunction', 'SendTxtReqSuccess',now(),now(),false);
INSERT INTO omc.perform_stat (perform_index_code, perform_object_id, stat_ratio, stat_result, stat_time, stats_type_enum, perform_object_name, perform_space_gra, stat_en_name,create_time,update_time,is_supplement) VALUES ('FSCEPHA03', 9998, 100, 1, (SELECT REPLACE(UNIX_TIMESTAMP(CURRENT_TIMESTAMP(3)), '.', '')), 'TYPE_THIRTY_MINUTE', null, 'FSCEPFunction', 'SendTxtReqFail',now(),now(),false);
INSERT INTO omc.perform_stat (perform_index_code, perform_object_id, stat_ratio, stat_result, stat_time, stats_type_enum, perform_object_name, perform_space_gra, stat_en_name,create_time,update_time,is_supplement) VALUES ('FSCEPHA04', 9998, 100, 962, (SELECT REPLACE(UNIX_TIMESTAMP(CURRENT_TIMESTAMP(3)), '.', '')), 'TYPE_THIRTY_MINUTE', null, 'FSCEPFunction', 'ReceiveTxtReq',now(),now(),false);
INSERT INTO omc.perform_stat (perform_index_code, perform_object_id, stat_ratio, stat_result, stat_time, stats_type_enum, perform_object_name, perform_space_gra, stat_en_name,create_time,update_time,is_supplement) VALUES ('FSCEPHA05', 9998, 100, 960, (SELECT REPLACE(UNIX_TIMESTAMP(CURRENT_TIMESTAMP(3)), '.', '')), 'TYPE_THIRTY_MINUTE', null, 'FSCEPFunction', 'ReceiveTxtReqSuccess',now(),now(),false);

INSERT INTO omc.perform_stat (perform_index_code, perform_object_id, stat_ratio, stat_result, stat_time, stats_type_enum, perform_object_name, perform_space_gra, stat_en_name,create_time,update_time,is_supplement) VALUES ('SCEFVB01', 9999, 100, 61, (SELECT REPLACE(UNIX_TIMESTAMP(CURRENT_TIMESTAMP(3)), '.', '')), 'TYPE_TEN_MINUTE', null, 'ManagedElement', 'Number of QoS Resource Application Requests based on specified OTT SP name',now(),now(),false);
INSERT INTO omc.perform_stat (perform_index_code, perform_object_id, stat_ratio, stat_result, stat_time, stats_type_enum, perform_object_name, perform_space_gra, stat_en_name,create_time,update_time,is_supplement) VALUES ('SCEFVB02', 9999, 100, 61, (SELECT REPLACE(UNIX_TIMESTAMP(CURRENT_TIMESTAMP(3)), '.', '')), 'TYPE_TEN_MINUTE', null, 'ManagedElement', 'Number of Successful QoS Resource Application Requests based on specified OTT SP name',now(),now(),false);
INSERT INTO omc.perform_stat (perform_index_code, perform_object_id, stat_ratio, stat_result, stat_time, stats_type_enum, perform_object_name, perform_space_gra, stat_en_name,create_time,update_time,is_supplement) VALUES ('SCEFVB03', 9999, 100, 61, (SELECT REPLACE(UNIX_TIMESTAMP(CURRENT_TIMESTAMP(3)), '.', '')), 'TYPE_TEN_MINUTE', null, 'ManagedElement', 'Number of QoS Resource Modification Requests based on specified OTT SP name ',now(),now(),false);
INSERT INTO omc.perform_stat (perform_index_code, perform_object_id, stat_ratio, stat_result, stat_time, stats_type_enum, perform_object_name, perform_space_gra, stat_en_name,create_time,update_time,is_supplement) VALUES ('SCEFVB04', 9999, 100, 61, (SELECT REPLACE(UNIX_TIMESTAMP(CURRENT_TIMESTAMP(3)), '.', '')), 'TYPE_TEN_MINUTE', null, 'ManagedElement', 'Number of Successful QoS Resource Modification Requests based on specified OTT SP name',now(),now(),false);
INSERT INTO omc.perform_stat (perform_index_code, perform_object_id, stat_ratio, stat_result, stat_time, stats_type_enum, perform_object_name, perform_space_gra, stat_en_name,create_time,update_time,is_supplement) VALUES ('SCEFVB05', 9999, 100, 61, (SELECT REPLACE(UNIX_TIMESTAMP(CURRENT_TIMESTAMP(3)), '.', '')), 'TYPE_TEN_MINUTE', null, 'ManagedElement', 'Number of QoS Resource Release Requests based on specified OTT SP name',now(),now(),false);




delete from omc.alarm_data where alarm_seq >=9995 and alarm_seq <= 10000;
INSERT INTO omc.alarm_data (alarm_level, alarm_name, alarm_no, alarm_object, alarm_origin, alarm_seq, alarm_type, clear_time, clear_type, clear_user_id, confirm_time, confirm_user_id, create_time, device_id, device_type, ip, is_clear, is_confirm, net_id, net_virtual_id, value) VALUES ('1', 'SERVICE', '50c8e97b-b84c-46cd-b8f8-333a7db2148c', 'AAC', 'S:AAC CPU OVER', '9995', 'DEVICEALARM', null, null, null, null, null, now(), 'divice_id', 'AAC', 'ip', false, false, '99999', true, null);
INSERT INTO omc.alarm_data (alarm_level, alarm_name, alarm_no, alarm_object, alarm_origin, alarm_seq, alarm_type, clear_time, clear_type, clear_user_id, confirm_time, confirm_user_id, create_time, device_id, device_type, ip, is_clear, is_confirm, net_id, net_virtual_id, value) VALUES ('2', 'SERVICE', '45eb78c6-8885-41e8-a803-b057732927ac', 'AAC', 'S:AAC CPU OVER', '9996', 'DEVICEALARM', null, null, null, null, null, now(), 'divice_id', 'AAC', 'ip', false, false, '99999', true, null);
INSERT INTO omc.alarm_data (alarm_level, alarm_name, alarm_no, alarm_object, alarm_origin, alarm_seq, alarm_type, clear_time, clear_type, clear_user_id, confirm_time, confirm_user_id, create_time, device_id, device_type, ip, is_clear, is_confirm, net_id, net_virtual_id, value) VALUES ('3', 'SERVICE', 'adece92b-eb99-442e-8841-d864184c57ea', 'AAC', 'S:AAC CPU OVER', '9997', 'DEVICEALARM', null, null, null, null, null, now(), 'divice_id', 'AAC', 'ip', false, false, '99999', true, null);
INSERT INTO omc.alarm_data (alarm_level, alarm_name, alarm_no, alarm_object, alarm_origin, alarm_seq, alarm_type, clear_time, clear_type, clear_user_id, confirm_time, confirm_user_id, create_time, device_id, device_type, ip, is_clear, is_confirm, net_id, net_virtual_id, value) VALUES ('1', 'SERVICE', 'a007729c-b8a1-4990-b35b-7dd61c571bc8', 'YJKFPT', 'S:YJKFPT CPU OVER', '9998', 'DEVICEALARM', null, null, null, null, null, now(), 'divice_id', 'YJKFPT', 'ip', false, false, '99998', true, null);
INSERT INTO omc.alarm_data (alarm_level, alarm_name, alarm_no, alarm_object, alarm_origin, alarm_seq, alarm_type, clear_time, clear_type, clear_user_id, confirm_time, confirm_user_id, create_time, device_id, device_type, ip, is_clear, is_confirm, net_id, net_virtual_id, value) VALUES ('2', 'SERVICE', '7679c8ef-979a-4dfd-827a-8cf0d9750f78', 'YJKFPT', 'S:YJKFPT CPU OVER', '9999', 'DEVICEALARM', null, null, null, null, null, now(), 'divice_id', 'YJKFPT', 'ip', false, false, '99998', true, null);
INSERT INTO omc.alarm_data (alarm_level, alarm_name, alarm_no, alarm_object, alarm_origin, alarm_seq, alarm_type, clear_time, clear_type, clear_user_id, confirm_time, confirm_user_id, create_time, device_id, device_type, ip, is_clear, is_confirm, net_id, net_virtual_id, value) VALUES ('3', 'SERVICE', '9f05d0de-c77c-42fc-9b41-dc927b776b8c', 'YJKFPT', 'S:YJKFPT CPU OVER', '10000', 'DEVICEALARM', null, null, null, null, null, now(), 'divice_id', 'YJKFPT', 'ip', false, false, '99998', true, null);
